Year,Authors,Co-author with,Place,Latitude,Longitude,Location,Publication title,"Faculty of Education, Simon Fraser University","Within Faculty of Education, Simon Fraser University ",With Simon Fraser University colleagues,With BC colleagues,With CAN colleagues,With US colleagues,With South American colleagues,With Euro colleagues,With Asian colleagues,"Other (Africa, Australia, Middle East)",Title,References
2020,Phil Winne,,"Faculty of Education, Simon Fraser University",49.27988,-122.92174,"49.27988,-122.92174",Construct and consequential validity for learning analytics based on trace data,1,,,,,,,,,,Construct and consequential validity for learning analytics based on trace data,
2020,L. Beaudoin,,"Faculty of Education, Simon Fraser University",49.27988,-122.92174,"49.27988,-122.92174",A Manifesto for User and Automation Interfaces for Hyperlinking,,1,,1,,,,,,,A Manifesto for User and Automation Interfaces for Hyperlinking,
2020,D. Jomphe,L. Beaudoin,Québec,52.476089,-71.825867,"52.476089,-71.825867",A Manifesto for User and Automation Interfaces for Hyperlinking,,,,,,,,,,,,
2020,S. Barber,,"Faculty of Education, Simon Fraser University",49.27988,-122.92174,"49.27988,-122.92174",Literally speechless? Refugees to Canada overcome preliteracy and learn to communicate through a literacy of the heart,,1,,,,,,,,,Literally speechless? Refugees to Canada overcome preliteracy and learn to communicate through a literacy of the heart,
2020,L. Ramsey,S. Barber,UBC,49.2583937,-123.2465816,"49.2583937,-123.2465816",Literally speechless? Refugees to Canada overcome preliteracy and learn to communicate through a literacy of the heart,,,,,,,,,,,,
2020,E de Freitas,N. Sinclair,UK,51.507351,-0.127758,"51.507351,-0.127758","Measurement as relational, intensive and analogical: Towards a minor mathematics",,,,1,,,,1,,,"Measurement as relational, intensive and analogical: Towards a minor mathematics",
2020,N. Sinclair,,"Faculty of Education, Simon Fraser University",49.27988,-122.92174,"49.27988,-122.92174","Measurement as relational, intensive and analogical: Towards a minor mathematics",,1,,,,,,,,,,
2020,L. Beaudoin,,"Faculty of Education, Simon Fraser University",49.27988,-122.92174,"49.27988,-122.92174","Mental perturbance: An integrative design-oriented concept for understanding repetitive thought, emotions and related phenomena involving a loss of control of executive functions",,1,,,,,,,,,"Mental perturbance: An integrative design-oriented concept for understanding repetitive thought, emotions and related phenomena involving a loss of control of executive functions",
2020,M. Pudlo,L. Beaudoin,Germany,51.08342,10.423447,"51.08342,10.423447","Mental perturbance: An integrative design-oriented concept for understanding repetitive thought, emotions and related phenomena involving a loss of control of executive functions",,,,,,,,1,,,,
2020,S. Hyniewska,L. Beaudoin,UK,51.507351,-0.127758,"51.507351,-0.127758","Mental perturbance: An integrative design-oriented concept for understanding repetitive thought, emotions and related phenomena involving a loss of control of executive functions",,,,,,,,1,,,,
2020,T. Tan,J. Nesbitt,"Faculty of Education, Simon Fraser University",49.27988,-122.92174,"49.27988,-122.92174",What can completion time of quizzes tell us about students’ motivations and learning strategies?,,1,,,,,,,,,What can completion time of quizzes tell us about students’ motivations and learning strategies?,
2020,M. Jain,J. Nesbitt,"Faculty of Education, Simon Fraser University",49.27988,-122.92174,"49.27988,-122.92174",What can completion time of quizzes tell us about students’ motivations and learning strategies?,,1,,,,,,,,,,
2020,T. Obaid,J. Nesbitt,"Faculty of Education, Simon Fraser University",49.27988,-122.92174,"49.27988,-122.92174",What can completion time of quizzes tell us about students’ motivations and learning strategies?,,1,,,,,,,,,,
2020,J. Nesbitt,,"Faculty of Education, Simon Fraser University",49.27988,-122.92174,"49.27988,-122.92174",What can completion time of quizzes tell us about students’ motivations and learning strategies?,,1,,,,,,,,,,
2020,J. Liu,A. Lin,Hong Kong,22.279328,114.162813,"22.279328,114.162813",Translanguaging pedagogy in teaching English for Academic Purposes: Researcher-teacher collaboration as a professional development model,,,,,,,,,1,,Translanguaging pedagogy in teaching English for Academic Purposes: Researcher-teacher collaboration as a professional development model,
2020,Y. Lo,A. Lin,Hong Kong,22.279328,114.162813,"22.279328,114.162813",Translanguaging pedagogy in teaching English for Academic Purposes: Researcher-teacher collaboration as a professional development model,,,,,,,,,1,,,
2020,A. Lin,,"Faculty of Education, Simon Fraser University",49.27988,-122.92174,"49.27988,-122.92174",Translanguaging pedagogy in teaching English for Academic Purposes: Researcher-teacher collaboration as a professional development model,,1,,,,,,,,,,
2020,B. Ferhold,N. Gadamaschko,United States,37.09024,-95.712891,"37.09024,-95.712891","Responding to LCHC's polyphonic autobiography: Studying rocks in a landslide and the creation of new, more humane forms of LCHC's own activity",,,,,,1,,,,,"Responding to LCHC's polyphonic autobiography: Studying rocks in a landslide and the creation of new, more humane forms of LCHC's own activity",
2020,N. Gadamaschko,,"Faculty of Education, Simon Fraser University",49.27988,-122.92174,"49.27988,-122.92174","Responding to LCHC's polyphonic autobiography: Studying rocks in a landslide and the creation of new, more humane forms of LCHC's own activity",,1,,,,,,,,,,
2020,E. Pereira,E. Birmingham,Québec,52.476089,-71.825867,"52.476089,-71.825867",The eyes do not have it after all? Attention is not automatically biased towards faces and eyes,,,,,1,,,,,,The eyes do not have it after all? Attention is not automatically biased towards faces and eyes,
2020,E. Birmingham,,"Faculty of Education, Simon Fraser University",49.27988,-122.92174,"49.27988,-122.92174",The eyes do not have it after all? Attention is not automatically biased towards faces and eyes,,1,,,,,,,,,,
2020,J. Ristic,E. Birmingham,Québec,52.476089,-71.825867,"52.476089,-71.825867",The eyes do not have it after all? Attention is not automatically biased towards faces and eyes,,,,,1,,,,,,,
2020,O. Sensoy,,Simon Fraser University,49.1873731,-122.849479,"49.1873731,-122.849479",Do infants show knowledge of the familiar size of everyday objects?,,1,,,,,,,,,Do infants show knowledge of the familiar size of everyday objects?,
2020,J. Culham,O. Sensoy,Ontario,50.000678,-86.000977,"50.000678,-86.000977",Do infants show knowledge of the familiar size of everyday objects?,,,,,1,,,,,,,
2020,G. Schwartz,O. Sensoy,Germany,51.08342,10.423447,"51.08342,10.423447",Do infants show knowledge of the familiar size of everyday objects?,,,,,,,,1,,,,
2020,S. Smith,,"Faculty of Education, Simon Fraser University",49.27988,-122.92174,"49.27988,-122.92174",Life Phenomenology and Relational Flow,,1,,,,,,,,,Life Phenomenology and Relational Flow,
2020,R. Lloyd,S. Smith,Ontario,50.000678,-86.000977,"50.000678,-86.000977",Life Phenomenology and Relational Flow,,,,,1,,,,,,,
2020,X. Yan,R. Zazkis,"Faculty of Education, Simon Fraser University",49.27988,-122.92174,"49.27988,-122.92174",Calculus for Teachers: Perspectives and Considerations of Mathematicians ,,1,,,,,,,,,Calculus for Teachers: Perspectives and Considerations of Mathematicians ,
2020,O. Murmur,R. Zazkis,"Faculty of Education, Simon Fraser University",49.27988,-122.92174,"49.27988,-122.92174",Calculus for Teachers: Perspectives and Considerations of Mathematicians ,,1,,,,,,,,,,
2020,R. Zazkis,,"Faculty of Education, Simon Fraser University",49.27988,-122.92174,"49.27988,-122.92174",Calculus for Teachers: Perspectives and Considerations of Mathematicians ,,1,,,,,,,,,,
2020,Y. Song,A. Lin,China,35.000074,104.999927,"35.000074,104.999927",Translingual practices at a Shanghai university,,,,,,,,,1,,Translingual practices at a Shanghai university,
2020,A. Lin,,"Faculty of Education, Simon Fraser University",49.27988,-122.92174,"49.27988,-122.92174",Translingual practices at a Shanghai university,,1,,,,,,,,,,
2020,R. Heyon,S. O'Neill,Ontario,50.000678,-86.000977,"50.000678,-86.000977",Making visible the literacy practices of elders through the day in the life methodology: considerations for literacy education across the lifespan,,,,,1,,,,,,Making visible the literacy practices of elders through the day in the life methodology: considerations for literacy education across the lifespan,
2020,R. Stooke,S. O'Neill,Ontario,50.000678,-86.000977,"50.000678,-86.000977",Making visible the literacy practices of elders through the day in the life methodology: considerations for literacy education across the lifespan,,,,,1,,,,,,,
2020,C. Cameron,S. O'Neill,UBC,49.2583937,-123.2465816,"49.2583937,-123.2465816",Making visible the literacy practices of elders through the day in the life methodology: considerations for literacy education across the lifespan,,,,1,,,,,,,,
2020,E. Cooper,S. O'Neill,Ontario,50.000678,-86.000977,"50.000678,-86.000977",Making visible the literacy practices of elders through the day in the life methodology: considerations for literacy education across the lifespan,,,,,1,,,,,,,
2020,S. O'Neill,,"Faculty of Education, Simon Fraser University",49.27988,-122.92174,"49.27988,-122.92174",Making visible the literacy practices of elders through the day in the life methodology: considerations for literacy education across the lifespan,,1,,,,,,,,,,
2020,M. Turner,,Australia,-24.776109,134.755,"-24.776109,134.755",Translanguaging and named languages: productive tension and desire,,,,,,,,,,1,Translanguaging and named languages: productive tension and desire,
2020,"A, Lin",,"Faculty of Education, Simon Fraser University",49.27988,-122.92174,"49.27988,-122.92174",Translanguaging and named languages: productive tension and desire,,1,,,,,,,,,,
2020,S. Marshall,,"Faculty of Education, Simon Fraser University",49.27988,-122.92174,"49.27988,-122.92174",Understanding plurilingualism and developing pedagogy: teaching in linguistically diverse classes across the disciplines at a Canadian university,1,,,,,,,,,,Understanding plurilingualism and developing pedagogy: teaching in linguistically diverse classes across the disciplines at a Canadian university,
2020,S. Preece,,UK,51.507351,-0.127758,"51.507351,-0.127758","Plurilingualism, teaching and learning, and Anglophone higher education: an introduction Anglophone universities and linguistic diversity",,,,,,,,1,,,"Plurilingualism, teaching and learning, and Anglophone higher education: an introduction Anglophone universities and linguistic diversity",
2020,S. Marsall,,"Faculty of Education, Simon Fraser University",49.27988,-122.92174,"49.27988,-122.92174","Plurilingualism, teaching and learning, and Anglophone higher education: an introduction Anglophone universities and linguistic diversity",,1,,,,,,,,,,
2020,A. Lin,,"Faculty of Education, Simon Fraser University",49.27988,-122.92174,"49.27988,-122.92174",From deficit-based teaching to asset-based teaching in higher education in BANA countries: cutting through ‘either-or’ binaries with a heteroglossic plurilingual lens,1,,,,,,,,,,From deficit-based teaching to asset-based teaching in higher education in BANA countries: cutting through ‘either-or’ binaries with a heteroglossic plurilingual lens,
2020,S. Zhao,H. Bai,"Faculty of Education, Simon Fraser University",49.27988,-122.92174,"49.27988,-122.92174",Critical care of creationism,,1,,,,,,,,,Critical care of creationism,
2020,D. Chang,H. Bai,"Faculty of Education, Simon Fraser University",49.27988,-122.92174,"49.27988,-122.92174",Critical care of creationism,,1,,,,,,,,,,
2020,M Miyakawa,H. Bai,"Faculty of Education, Simon Fraser University",49.27988,-122.92174,"49.27988,-122.92174",Critical care of creationism,,1,,,,,,,,,,
2020,H. Bai,,"Faculty of Education, Simon Fraser University",49.27988,-122.92174,"49.27988,-122.92174",Critical care of creationism,,1,,,,,,,,,,
2020,E. Gebre,,"Faculty of Education, Simon Fraser University",49.27988,-122.92174,"49.27988,-122.92174",From “context” to “active contextualization”: Fostering learner agency in contextualizing learning through science news reporting,,1,,,,1,,,,,From “context” to “active contextualization”: Fostering learner agency in contextualizing learning through science news reporting,
2020,J. Polman,E. Gebre,United States,37.09024,-95.712891,"37.09024,-95.712891",From “context” to “active contextualization”: Fostering learner agency in contextualizing learning through science news reporting,,,,,,1,,,,,,
2020,E. Gebre,,"Faculty of Education, Simon Fraser University",49.27988,-122.92174,"49.27988,-122.92174",How “accessible” is open data?: Analysis of context-related information and users’ comments in open datasets,,1,,,,,,,,,How “accessible” is open data?: Analysis of context-related information and users’ comments in open datasets,
2020,E. Morales,E. Gebre,UBC,49.2583937,-123.2465816,"49.2583937,-123.2465816",How “accessible” is open data?: Analysis of context-related information and users’ comments in open datasets,,,,1,,,,,,,,
2020,A. Lemyre,L. Beaudoin,Québec,52.476089,-71.825867,"52.476089,-71.825867",Pre-sleep cognitive activity in adults: A systematic review,,,,,1,,,,,,Pre-sleep cognitive activity in adults: A systematic review,
2020,F. Pelzike,L. Beaudoin,Québec,52.476089,-71.825867,"52.476089,-71.825867",Pre-sleep cognitive activity in adults: A systematic review,,,,,1,,,,,,,
2020,M. Landry,L. Beaudoin,Québec,52.476089,-71.825867,"52.476089,-71.825867",Pre-sleep cognitive activity in adults: A systematic review,,,,,1,,,,,,,
2020,C. Bastien,L. Beaudoin,Québec,52.476089,-71.825867,"52.476089,-71.825867",Pre-sleep cognitive activity in adults: A systematic review,,,,,1,,,,,,,
2020,L. Beaudoin,,"Faculty of Education, Simon Fraser University",49.27988,-122.92174,"49.27988,-122.92174",Pre-sleep cognitive activity in adults: A systematic review,,1,,,,,,,,,,
2020,O. Marmur,R. Zazkis,"Faculty of Education, Simon Fraser University/Student",49.27988,-122.92174,"49.27988,-122.92174",Fraction images: the case of six and a half,,1,,,,,,,,,Fraction images: the case of six and a half,
2020,X. Yan,R. Zazkis,"Faculty of Education, Simon Fraser University/Student",49.27988,-122.92174,"49.27988,-122.92174",Fraction images: the case of six and a half,,1,,,,,,,,,,
2020,R. Zazkis,,"Faculty of Education, Simon Fraser University",49.27988,-122.92174,"49.27988,-122.92174",Fraction images: the case of six and a half,,1,,,,,,,,,,
2020,R. Frie,,"Faculty of Education, Simon Fraser University",49.27988,-122.92174,"49.27988,-122.92174","Facing the Nazi Past: Silence, Memory and Inhabiting Responsibility",1,,,,,,,,,,"Facing the Nazi Past: Silence, Memory and Inhabiting Responsibility",
2020,J. Vytasek,P. Winne,"Faculty of Education, Simon Fraser University",49.27988,-122.92174,"49.27988,-122.92174",Analytics for student engagement,,1,,,,,,,,,Analytics for student engagement,
2020,A. Patzak,P. Winne,"Faculty of Education, Simon Fraser University",49.27988,-122.92174,"49.27988,-122.92174",Analytics for student engagement,,1,,,,,,,,,,
2020,P. Winne,,"Faculty of Education, Simon Fraser University",49.27988,-122.92174,"49.27988,-122.92174",Analytics for student engagement,,1,,,,,,,,,,
2020,A. Liu,J. Nesbitt,"Faculty of Education, Simon Fraser University",49.27988,-122.92174,"49.27988,-122.92174",Dashboards for computer-supported collaborative learning,,1,,,,,,,,,Dashboards for computer-supported collaborative learning,
2020,J. Nesbitt,,"Faculty of Education, Simon Fraser University",49.27988,-122.92174,"49.27988,-122.92174",Dashboards for computer-supported collaborative learning,,1,,,,,,,,,,
2020,N. Sinclair,,"Faculty of Education, Simon Fraser University",49.27988,-122.92174,"49.27988,-122.92174",Disruptions in meanings: teachers’ experiences of multiplication in TouchTimes,,1,,,,,,,,,Disruptions in meanings: teachers’ experiences of multiplication in TouchTimes,
2020,S. Chorney,N. Sinclair,"Faculty of Education, Simon Fraser University",49.27988,-122.92174,"49.27988,-122.92174",Disruptions in meanings: teachers’ experiences of multiplication in TouchTimes,,1,,,,,,,,,,
2020,C. Gunes,N. Sinclair,"Faculty of Education, Simon Fraser University",49.27988,-122.92174,"49.27988,-122.92174",Disruptions in meanings: teachers’ experiences of multiplication in TouchTimes,,1,,,,,,,,,,
2020,S. Bakos,N. Sinclair,"Faculty of Education, Simon Fraser University",49.27988,-122.92174,"49.27988,-122.92174",Disruptions in meanings: teachers’ experiences of multiplication in TouchTimes,,1,,,,,,,,,,
2020,A. Baccaglin-Frank,N. Sinclair,Italy,42.638426,12.674297,"42.638426,12.674297","Eliciting preschoolers’ number abilities using open, multi-touch environments",,,,,,,,1,,,"Eliciting preschoolers’ number abilities using open, multi-touch environments",
2020,G. Carotenuto,N. Sinclair,Italy,42.638426,12.674297,"42.638426,12.674297","Eliciting preschoolers’ number abilities using open, multi-touch environments",,,,,,,,1,,,,
2020,N. Sinclair,,"Faculty of Education, Simon Fraser University",49.27988,-122.92174,"49.27988,-122.92174","Eliciting preschoolers’ number abilities using open, multi-touch environments",,1,,,,,,,,,,
2020,A Travers,S. Jordan,Simon Fraser University,49.1873731,-122.849479,"49.1873731,-122.849479",Talking back: trans youth and resilience in action,,,1,,,,,,,,Talking back: trans youth and resilience in action,
2020,J. Marchbank,S. Jordan,Simon Fraser University,49.1873731,-122.849479,"49.1873731,-122.849479",Talking back: trans youth and resilience in action,,,1,,,,,,,,,
2020,N. Boulay,S. Jordan,Simon Fraser University,49.1873731,-122.849479,"49.1873731,-122.849479",Talking back: trans youth and resilience in action,,,1,,,,,,,,,
2020,S. Jordan,,"Faculty of Education, Simon Fraser University",49.27988,-122.92174,"49.27988,-122.92174",Talking back: trans youth and resilience in action,,1,,,,,,,,,,
2020,K. Reed,S. Jordan,Simon Fraser University,49.1873731,-122.849479,"49.1873731,-122.849479",Talking back: trans youth and resilience in action,,,1,,,,,,,,,
2020,D. Treisan,E. Birmingham,United States,37.09024,-95.712891,"37.09024,-95.712891",Action coordination during a real-world task: Evidence from children with and without autism spectrum disorder,,,,,,1,,,,,Action coordination during a real-world task: Evidence from children with and without autism spectrum disorder,
2020,J. Enns,E. Birmingham,UBC,49.2583937,-123.2465816,"49.2583937,-123.2465816",Action coordination during a real-world task: Evidence from children with and without autism spectrum disorder,,,,1,,,,,,,,
2020,E. Birmingham,,"Faculty of Education, Simon Fraser University",49.27988,-122.92174,"49.27988,-122.92174",Action coordination during a real-world task: Evidence from children with and without autism spectrum disorder,,1,,,,,,,,,,
2020,G. Iarocci,E. Birmingham,Simon Fraser University,49.1873731,-122.849479,"49.1873731,-122.849479",Action coordination during a real-world task: Evidence from children with and without autism spectrum disorder,,,1,,,,,,,,,
2020,A. Wallance,R. Ilieva,"Faculty of Education, Simon Fraser University",49.27988,-122.92174,"49.27988,-122.92174",CLIL Collaborations in Higher Education: A Critical Perspective,,,,1,,,,,,,CLIL Collaborations in Higher Education: A Critical Perspective,
2020,V. Spiliotopoulos,R. Ilieva,UBC,49.2583937,-123.2465816,"49.2583937,-123.2465816",CLIL Collaborations in Higher Education: A Critical Perspective,,,1,,,,,,,,,
2020,R. Ilieva,,"Faculty of Education, Simon Fraser University",49.27988,-122.92174,"49.27988,-122.92174",CLIL Collaborations in Higher Education: A Critical Perspective,,1,,,,,,,,,,
2020,J. Liu,D. Moore,"Faculty of Education, Simon Fraser University",49.27988,-122.92174,"49.27988,-122.92174","(Inter)cultural production as public pedagogy: weaving art, interculturality and civic learning in a community festival context",,1,,,,,,,,,"(Inter)cultural production as public pedagogy: weaving art, interculturality and civic learning in a community festival context",
2020,D. Moore,,"Faculty of Education, Simon Fraser University",49.27988,-122.92174,"49.27988,-122.92174","(Inter)cultural production as public pedagogy: weaving art, interculturality and civic learning in a community festival context",,1,,,,,,,,,,
2010,Heesoon Bai,,"Faculty of Education, Simon Fraser University",49.27988,-122.92174,"49.27988,-122.92174",Re-searching and re-storying the complex and complicated relationship of biophilia and bibliophilia,,1,,,,,,,,,,https://doi.org/10.1080/13504621003613053
2010,Daniela Elza,Heesoon Bai,"Faculty of Education, Simon Fraser University",49.27988,-122.92174,"49.27988,-122.92174",Re-searching and re-storying the complex and complicated relationship of biophilia and bibliophilia,,1,,,,,,,,,,
2010,Peter Kovacs,Heesoon Bai,"Faculty of Education, Simon Fraser University",49.27988,-122.92174,"49.27988,-122.92174",Re-searching and re-storying the complex and complicated relationship of biophilia and bibliophilia,,1,,,,,,,,,,
2010,Serenna Romanycia,Heesoon Bai,"Faculty of Education, Simon Fraser University",49.27988,-122.92174,"49.27988,-122.92174",Re-searching and re-storying the complex and complicated relationship of biophilia and bibliophilia,,1,,,,,,,,,,
2010,David Kaufman,,"Faculty of Education, Simon Fraser University",49.27988,-122.92174,"49.27988,-122.92174",Co-editing: Educational Gameplay and Simulation Environments: Case Studies and Lessons Learned,,,,,,,,,,,,https://www.igi-global.com/gateway/book/37262
2010,Louise Sauvé,David Kaufman,Québec,52.476089,-71.825867,"52.476089,-71.825867",Co-editing: Educational Gameplay and Simulation Environments: Case Studies and Lessons Learned,,,,,,,,,,,,
2010,Louise Sauvé,David Kaufman,Québec,52.476089,-71.825867,"52.476089,-71.825867","Games, Simulations, and Simulation Games for Learning: Definitions and Distinctions",,,,,1,,,,,,,https://www.igi-global.com/gateway/book/37262
2010,Lise Renaud,David Kaufman,Québec,52.476089,-71.825867,"52.476089,-71.825867","Games, Simulations, and Simulation Games for Learning: Definitions and Distinctions",,,,,1,,,,,,,
2010,David Kaufman,,"Faculty of Education, Simon Fraser University",49.27988,-122.92174,"49.27988,-122.92174","Games, Simulations, and Simulation Games for Learning: Definitions and Distinctions",,1,,,,,,,,,,
2010,David Kaufman,,"Faculty of Education, Simon Fraser University",49.27988,-122.92174,"49.27988,-122.92174",Simulation in Health Professional Education,1,,,,,,,,,,,https://www.igi-global.com/gateway/book/37262
2010,Mahboubeh Asgari,David Kaufman,"Faculty of Education, Simon Fraser University",49.27988,-122.92174,"49.27988,-122.92174",Does Fantasy Enhance Learning In Digital Games?,,1,,,,,,,,,,https://www.igi-global.com/gateway/book/37262
2010,David Kaufman,,"Faculty of Education, Simon Fraser University",49.27988,-122.92174,"49.27988,-122.92174",Does Fantasy Enhance Learning In Digital Games?,,1,,,,,,,,,,
2010,Louise Sauvé,D. Kaufman,Québec,52.476089,-71.825867,"52.476089,-71.825867",The Efficacy of Games and Simulations for Learning,,,,,1,,,,,,,https://www.igi-global.com/gateway/book/37262
2010,Lise Renaud,D. Kaufman,Québec,52.476089,-71.825867,"52.476089,-71.825867",The Efficacy of Games and Simulations for Learning,,,,,1,,,,,,,
2010,D. Kaufman,,"Faculty of Education, Simon Fraser University",49.27988,-122.92174,"49.27988,-122.92174",The Efficacy of Games and Simulations for Learning,,1,,,,,,,,,,
2010,Robyn Schell,D. Kaufman,"Faculty of Education, Simon Fraser University",49.27988,-122.92174,"49.27988,-122.92174",Collaborative Online Multimedia Problem-Based Learning Simulations (COMPS),,1,,,,,,,,,,https://www.igi-global.com/gateway/book/37262
2010,D. Kaufman,,"Faculty of Education, Simon Fraser University",49.27988,-122.92174,"49.27988,-122.92174",Collaborative Online Multimedia Problem-Based Learning Simulations (COMPS),,1,,,,,,,,,,
2010,Yueh-Feng Lily Tsai,D. Kaufman,"Faculty of Education, Simon Fraser University",49.27988,-122.92174,"49.27988,-122.92174",Handheld Games: Can Virtual Pets Make a Difference?,,1,,,,,,,,,,https://www.igi-global.com/gateway/book/37262
2010,D. Kaufman,,"Faculty of Education, Simon Fraser University",49.27988,-122.92174,"49.27988,-122.92174",Handheld Games: Can Virtual Pets Make a Difference?,,1,,,,,,,,,,
2010,Xin Du,"S. Campbell, D. Kaufman","Faculty of Education, Simon Fraser University",49.27988,-122.92174,"49.27988,-122.92174",A Study of Biofeedback in a Gaming Environment,,1,,,,,,,,,,https://www.igi-global.com/gateway/book/37262
2010,S. Campbell,D. Kaufman,"Faculty of Education, Simon Fraser University",49.27988,-122.92174,"49.27988,-122.92174",A Study of Biofeedback in a Gaming Environment,,1,,,,,,,,,,
2010,D. Kaufman,S. Campbell,"Faculty of Education, Simon Fraser University",49.27988,-122.92174,"49.27988,-122.92174",A Study of Biofeedback in a Gaming Environment,,1,,,,,,,,,,
2010,K. O'Neill,,"Faculty of Education, Simon Fraser University",49.27988,-122.92174,"49.27988,-122.92174",Understanding a future with multiple pasts: projects on metahistorical understanding,,1,,,,,,,,,,https://dl.acm.org/doi/10.5555/1854509.1854541
2010,Yifat Ben-David Kolikant ,K. O'Neill,Israel,31.531311,34.866765,"31.531311,34.866765",Understanding a future with multiple pasts: projects on metahistorical understanding,,,,,,,,,1,,,
2010,Joseph L. Polman,K. O'Neill,United States,37.09024,-95.712891,"37.09024,-95.712891",Understanding a future with multiple pasts: projects on metahistorical understanding,,,,,,1,,,,,,
2010,Josh Radinsky,K. O'Neill,United States,37.09024,-95.712891,"37.09024,-95.712891",Understanding a future with multiple pasts: projects on metahistorical understanding,,,,,,1,,,,,,
2010,Gary E. McPherson,S. O'Neill,Australia,-24.776109,134.755,"-24.776109,134.755",Students’ motivation to study music as compared to other school subjects: A comparison of eight countries,,,,,,,,,,1,,https://doi.org/10.1177/1321103X10384202
2010,S. O'Neill,,"Faculty of Education, Simon Fraser University",49.27988,-122.92174,"49.27988,-122.92174",Students’ motivation to study music as compared to other school subjects: A comparison of eight countries,,1,,,,,,,,,,
2010,C. Bingham,,"Faculty of Education, Simon Fraser University",49.27988,-122.92174,"49.27988,-122.92174",Hermeneutics,1,,,,,,,,,,,https://doi.org/10.1016/B978-0-08-044894-7.00559-5
2010,P. Winne,,"Faculty of Education, Simon Fraser University",49.27988,-122.92174,"49.27988,-122.92174",Self-Regulated Learning and Socio-Cognitive Theory,,1,,,,,,,,,,https://doi.org/10.1016/B978-0-08-044894-7.00470-X
2010,A. F. Hadwin,P. Winne,"Faculty of Education, Simon Fraser University",49.27988,-122.92174,"49.27988,-122.92174",Self-Regulated Learning and Socio-Cognitive Theory,,1,,,,,,,,,,
2010,Jack Martin,Jeff H. Sugarman,Simon Fraser University,49.1873731,-122.849479,"49.1873731,-122.849479",Persons: Understanding Psychological Selfhood and Agency,,,1,,,,,,,,,https://link.springer.com/book/10.1007%2F978-1-4419-1065-3
2010,Jeff H. Sugarman,,"Faculty of Education, Simon Fraser University",49.27988,-122.92174,"49.27988,-122.92174",Persons: Understanding Psychological Selfhood and Agency,,1,,,,,,,,,,
2010,Sarah Hickinbottom,Jeff H. Sugarman,North Vancouver,49.320629,-123.073792,"49.320629,-123.073792",Persons: Understanding Psychological Selfhood and Agency,,,,1,,,,,,,,
2010,S. Campbell,,"Faculty of Education, Simon Fraser University",49.27988,-122.92174,"49.27988,-122.92174",Mathematical Modeling and Virtual Environments,1,,,,,,,,,,,https://doi.org/10.1007/978-1-4419-0561-1_51
2010,N. Sinclair,,"Faculty of Education, Simon Fraser University",49.27988,-122.92174,"49.27988,-122.92174",Modeling Practices with The Geometer’s Sketchpad,,1,,,,,,,,,,https://link.springer.com/chapter/10.1007%2F978-1-4419-0561-1_47
2010,Nicholas Jackiw,N. Sinclair,United States,37.09024,-95.712891,"37.09024,-95.712891",Modeling Practices with The Geometer’s Sketchpad,,,,,,1,,,,,,
2010,Laura Collins,Diane Dagenais,Québec,52.476089,-71.825867,"52.476089,-71.825867",Perspective From The Canadian Modern Language Review/La revue canadienne des langues vivantes,,,,,1,,,,,,,https://doi.org/10.1111/j.1540-4781.2010.01097.x
2010,Diane Dagenais,,"Faculty of Education, Simon Fraser University",49.27988,-122.92174,"49.27988,-122.92174",Perspective From The Canadian Modern Language Review/La revue canadienne des langues vivantes,,1,,,,,,,,,,
2010,Roger Frie,,"Faculty of Education, Simon Fraser University",49.27988,-122.92174,"49.27988,-122.92174",A hermeneutics of exploration: The interpretive turn from binswanger to gadamer.,1,,,,,,,,,,,https://doi.org/10.1037/a0021570
2010,Roger Frie,,"Faculty of Education, Simon Fraser University",49.27988,-122.92174,"49.27988,-122.92174","Compassion, Dialogue, and Context: On Understanding the Other",1,,,,,,,,,,,https://doi.org/10.1080/15551024.2010.508212
2010,Danièle Moore ,,"Faculty of Education, Simon Fraser University",49.27988,-122.92174,"49.27988,-122.92174","Multilingual literacies and third script acquisition: young Chinese children in French immersion in Vancouver, Canada",1,,,,,,,,,,,https://doi.org/10.1080/14790718.2010.502231
2010,Ann Chinnery,,"Faculty of Education, Simon Fraser University",49.27988,-122.92174,"49.27988,-122.92174",Encountering the philosopher as teacher: The pedagogical postures of Emmanuel Levinas,1,,,,,,,,,,,https://doi.org/10.1016/j.tate.2010.06.023
2010,Rina Zazkis,,"Faculty of Education, Simon Fraser University",49.27988,-122.92174,"49.27988,-122.92174",Advanced Mathematical Knowledge in Teaching Practice: Perceptions of Secondary Mathematics Teachers,,1,,,,,,,,,,https://doi.org/10.1080/10986061003786349
2010,Roza Leikin,Rina Zazkis,Israel,31.531311,34.866765,"31.531311,34.866765",Advanced Mathematical Knowledge in Teaching Practice: Perceptions of Secondary Mathematics Teachers,,,,,,,,,,1,,
2010,Rina Zazkis,,"Faculty of Education, Simon Fraser University",49.27988,-122.92174,"49.27988,-122.92174",On the content-dependence of prospective teachers’ knowledge: a case of exemplifying definitions,,1,,,,,,,,,,https://doi.org/10.1080/00207391003605189
2010,Roza Leikin,Rina Zazkis,Israel,31.531311,34.866765,"31.531311,34.866765",On the content-dependence of prospective teachers’ knowledge: a case of exemplifying definitions,,,,,,,,,,1,,
2010,P. Winne,,"Faculty of Education, Simon Fraser University",49.27988,-122.92174,"49.27988,-122.92174",Improving Measurements of Self-Regulated Learning,1,,,,,,,,,,,https://doi.org/10.1080/00461520.2010.517150
2010,Marion Haugwitz,J. Nesbit,Germany,51.08342,10.423447,"51.08342,10.423447",Cognitive ability and the instructional efficacy of collaborative concept mapping,,,,,,,,1,,,,https://doi.org/10.1016/j.lindif.2010.04.004
2010,J. Nesbit,,"Faculty of Education, Simon Fraser University",49.27988,-122.92174,"49.27988,-122.92174",Cognitive ability and the instructional efficacy of collaborative concept mapping,,1,,,,,,,,,,
2010,Angela Sandmann,J. Nesbit,Germany,51.08342,10.423447,"51.08342,10.423447",Cognitive ability and the instructional efficacy of collaborative concept mapping,,,,,,,,1,,,,
2010,Michèle J. Schmidt ,,"Faculty of Education, Simon Fraser University",49.27988,-122.92174,"49.27988,-122.92174",Is there a place for emotions within leadership preparation programmes?,1,,,,,,,,,,,https://www.emerald.com/insight/content/doi/10.1108/09578231011067776
2010,Leigh Gilmore,Elizabeth Marshall,United States,37.09024,-95.712891,"37.09024,-95.712891",Girls in Crisis: Rescue and Transnational Feminist Autobiographical Resistance,,,,,1,,,,,,,https://www.jstor.org/stable/27919128
2010,Elizabeth Marshall,,"Faculty of Education, Simon Fraser University",49.27988,-122.92174,"49.27988,-122.92174",Girls in Crisis: Rescue and Transnational Feminist Autobiographical Resistance,,1,,,,,,,,,,
2010,R. Morris,P. Winne,U of Victoria,48.43294,-123.3693,"48.43294,-123.3693","Designing roles, scripts, and prompts to support CSCL in gStudy",,,,1,,,,,,,,https://doi.org/10.1016/j.chb.2008.12.001
2010,A. F. Hadwin,P. Winne,U of Victoria,48.43294,-123.3693,"48.43294,-123.3693","Designing roles, scripts, and prompts to support CSCL in gStudy",,,,1,,,,,,,,
2010,C. L. Z. Gress,P. Winne,"Faculty of Education, Simon Fraser University",49.27988,-122.92174,"49.27988,-122.92174","Designing roles, scripts, and prompts to support CSCL in gStudy",,1,,,,,,,,,,
2010,M. Miller,P. Winne,U of Victoria,48.43294,-123.3693,"48.43294,-123.3693","Designing roles, scripts, and prompts to support CSCL in gStudy",,,,1,,,,,,,,
2010,M. Fior,P. Winne,U of Victoria,48.43294,-123.3693,"48.43294,-123.3693","Designing roles, scripts, and prompts to support CSCL in gStudy",,,,1,,,,,,,,
2010,H. Church,P. Winne,U of Victoria,48.43294,-123.3693,"48.43294,-123.3693","Designing roles, scripts, and prompts to support CSCL in gStudy",,,,1,,,,,,,,
2010,P. Winne,,"Faculty of Education, Simon Fraser University",49.27988,-122.92174,"49.27988,-122.92174","Designing roles, scripts, and prompts to support CSCL in gStudy",,1,,,,,,,,,,
2010,Allyson F. Hadwin,P. Winne,U of Victoria,48.43294,-123.3693,"48.43294,-123.3693",Innovative ways for using gStudy to orchestrate and research social aspects of self-regulated learning,,,,1,,,,,,,,https://doi.org/10.1016/j.chb.2007.06.007
2010,Mika Oshige,P. Winne,U of Victoria,48.43294,-123.3693,"48.43294,-123.3693",Innovative ways for using gStudy to orchestrate and research social aspects of self-regulated learning,,,,1,,,,,,,,
2010,Carmen L. Z. Gress,P. Winne,"Faculty of Education, Simon Fraser University",49.27988,-122.92174,"49.27988,-122.92174",Innovative ways for using gStudy to orchestrate and research social aspects of self-regulated learning,,1,,,,,,,,,,
2010,P. Winne,,"Faculty of Education, Simon Fraser University",49.27988,-122.92174,"49.27988,-122.92174",Innovative ways for using gStudy to orchestrate and research social aspects of self-regulated learning,,1,,,,,,,,,,
2010,Vive S. Kumar,P. Winne,New Zealand,-41.500083,172.834408,"-41.500083,172.834408",Assessing process in CSCL: An ontological approach,,,,,,,,,,1,,https://doi.org/10.1016/j.chb.2007.07.004
2010,Carmen L. Z. Gress,P. Winne,"Faculty of Education, Simon Fraser University",49.27988,-122.92174,"49.27988,-122.92174",Assessing process in CSCL: An ontological approach,,1,,,,,,,,,,
2010,Allyson F. Hadwin,P. Winne,U of Victoria,48.43294,-123.3693,"48.43294,-123.3693",Assessing process in CSCL: An ontological approach,,,,1,,,,,,,,
2010,P. Winne,,"Faculty of Education, Simon Fraser University",49.27988,-122.92174,"49.27988,-122.92174",Assessing process in CSCL: An ontological approach,,1,,,,,,,,,,
2010,Carmen L.Z. Gress,P. Winne,"Faculty of Education, Simon Fraser University",49.27988,-122.92174,"49.27988,-122.92174",Measurement and assessment in computer-supported collaborative learning,,1,,,,,,,,,,https://doi.org/10.1016/j.chb.2007.05.012
2010,Meghann Fior,P. Winne,U of Victoria,48.43294,-123.3693,"48.43294,-123.3693",Measurement and assessment in computer-supported collaborative learning,,,,1,,,,,,,,
2010,Allyson F. Hadwin,P. Winne,U of Victoria,48.43294,-123.3693,"48.43294,-123.3693",Measurement and assessment in computer-supported collaborative learning,,,,1,,,,,,,,
2010,P. Winne,,"Faculty of Education, Simon Fraser University",49.27988,-122.92174,"49.27988,-122.92174",Measurement and assessment in computer-supported collaborative learning,,1,,,,,,,,,,
2010,P. Winne,,"Faculty of Education, Simon Fraser University",49.27988,-122.92174,"49.27988,-122.92174",The learning kit project: Software tools for supporting and researching regulation of collaborative learning,,1,,,,,,,,,,https://doi.org/10.1016/j.chb.2007.09.009
2010,Allyson F. Hadwin,P. Winne,U of Victoria,48.43294,-123.3693,"48.43294,-123.3693",The learning kit project: Software tools for supporting and researching regulation of collaborative learning,,,,1,,,,,,,,
2010,Carmen L. Z. Gress,P. Winne,"Faculty of Education, Simon Fraser University",49.27988,-122.92174,"49.27988,-122.92174",The learning kit project: Software tools for supporting and researching regulation of collaborative learning,,1,,,,,,,,,,
2010,Charles Bingham,,"Faculty of Education, Simon Fraser University",49.27988,-122.92174,"49.27988,-122.92174",Chapter: Under the Name of Method: On Jacques Rancière's Presumptive Tautology,1,,,,,,,,,,,https://doi.org/10.1002/9781444322804
2010,Eugenie A. Samier,Michele Schmidt,UK,51.507351,-0.127758,"51.507351,-0.127758",The emotional imperative in administrative and leadership education,,,,,,,,1,,,,https://doi.org/10.1108/jea.2010.07448eaa.001
2010,Michele Schmidt,,"Faculty of Education, Simon Fraser University",49.27988,-122.92174,"49.27988,-122.92174",The emotional imperative in administrative and leadership education,,1,,,,,,,,,,
2010,Charles Bingham,,"Faculty of Education, Simon Fraser University",49.27988,-122.92174,"49.27988,-122.92174","Settling no Conflict in the Public Place: Truth in education, and in Rancièrean scholarship",1,,,,,,,,,,,https://doi.org/10.1111/j.1469-5812.2010.00691.x
2010,Danièle Moore,Cécile Sabatier,"Faculty of Education, Simon Fraser University",49.27988,-122.92174,"49.27988,-122.92174",Pratiques de littératie à l'école. Pour une approche ethnographique de la classe en deuxième année d'immersion en Colombie-Britannique,,1,,,,,,,,,,https://muse.jhu.edu/article/394656
2010,Cécile Sabatier,Danièle Moore,"Faculty of Education, Simon Fraser University",49.27988,-122.92174,"49.27988,-122.92174",Pratiques de littératie à l'école. Pour une approche ethnographique de la classe en deuxième année d'immersion en Colombie-Britannique,,1,,,,,,,,,,
2010,David M Kaufman,,"Faculty of Education, Simon Fraser University",49.27988,-122.92174,"49.27988,-122.92174",Teaching and Learning in Medical Education: How Theory can Inform Practice,,1,,,,,,,,,,https://doi.org/10.1002/9781444320282.ch2
2010,Karen V Mann,David M Kaufman,UK,51.507351,-0.127758,"51.507351,-0.127758",Teaching and Learning in Medical Education: How Theory can Inform Practice,,,,,,,,1,,,,
2010,Peter Liljedahl,,"Faculty of Education, Simon Fraser University",49.27988,-122.92174,"49.27988,-122.92174",Noticing rapid and profound mathematics teacher change,1,,,,,,,,,,,https://doi.org/10.1007/s10857-010-9151-y
2010,Neil Remington Abramson,Yaroslav Senyshyn,Simon Fraser University ,49.1873731,-122.849479,"49.1873731,-122.849479",Effective Punishment Through Forgiveness: Rediscovering Kierkegaard’s Knight of Faith in the Abraham Story,,,1,,,,,,,,,https://doi.org/10.1177/0170840610372202
2010,Yaroslav Senyshyn,,"Faculty of Education, Simon Fraser University",49.27988,-122.92174,"49.27988,-122.92174",Effective Punishment Through Forgiveness: Rediscovering Kierkegaard’s Knight of Faith in the Abraham Story,,1,,,,,,,,,,
2010,Antonia Ivaldi,S. O'Neill,UK,51.507351,-0.127758,"51.507351,-0.127758",Adolescents' attainability and aspiration beliefs for famous musician role models,,,,,,,,1,,,,https://doi.org/10.1080/14613801003746568
2010,S. O'Neill,,"Faculty of Education, Simon Fraser University",49.27988,-122.92174,"49.27988,-122.92174",Adolescents' attainability and aspiration beliefs for famous musician role models,,1,,,,,,,,,,
2010,Steve Marshall,,"Faculty of Education, Simon Fraser University",49.27988,-122.92174,"49.27988,-122.92174",Chapter: Changing cultures and identities in Japanese-English bicultural names: From parents to children,,1,,,,,,,,,,https://www.researchgate.net/publication/273260490_Changing_cultures_and_identities_in_Japanese-English_bicultural_names_From_parents_to_children
2010,Timothy N. Mossman,Steve Marshall,"Faculty of Education, Simon Fraser University",49.27988,-122.92174,"49.27988,-122.92174",Chapter: Changing cultures and identities in Japanese-English bicultural names: From parents to children,,1,,,,,,,,,,
2010,Özlem Sensoy,Elizabeth Marshall ,"Faculty of Education, Simon Fraser University",49.27988,-122.92174,"49.27988,-122.92174",Missionary girl power: saving the ‘Third World’ one girl at a time,,1,,,,,,,,,,https://doi.org/10.1080/09540250903289451
2010,Elizabeth Marshall ,Özlem Sensoy,"Faculty of Education, Simon Fraser University",49.27988,-122.92174,"49.27988,-122.92174",Missionary girl power: saving the ‘Third World’ one girl at a time,,1,,,,,,,,,,
2010,Maureen Hoskyn,,"Faculty of Education, Simon Fraser University",49.27988,-122.92174,"49.27988,-122.92174",Working Memory in Infancy and Early Childhood: What Develops?,1,,,,,,,,,,,https://oxford.universitypressscholarship.com/view/10.1093/acprof:oso/9780195327694.001.0001/acprof-9780195327694-chapter-7
2010,Eugenie A. Samier,Michèle Schmidt,UK,51.507351,-0.127758,"51.507351,-0.127758",Co-editing: Trust and Betrayal in Educational Administration and Leadership,,,,,,,,1,,,,https://doi.org/10.4324/9780203852415
2010,Michèle Schmidt,,"Faculty of Education, Simon Fraser University",49.27988,-122.92174,"49.27988,-122.92174",Co-editing: Trust and Betrayal in Educational Administration and Leadership,,,,,,,,,,,,
2010,Michèle Schmidt,,"Faculty of Education, Simon Fraser University",49.27988,-122.92174,"49.27988,-122.92174",Chapter: Educational Trust: A Critical Component in the (De)Cultivation of Social Capital in School Districts,1,,,,,,,,,,,https://doi.org/10.4324/9780203852415
2010,Roger Frie,,"Faculty of Education, Simon Fraser University",49.27988,-122.92174,"49.27988,-122.92174",The Conversation Never Ends: Philosophy and Therapeutic Practice in Dialogue—A Review Essay of Donna Orange's Thinking for Clinicians: Philosophical Resources for Contemporary Psychoanalysis and the Humanistic Psychotherapies,1,,,,,,,,,,,https://www.tandfonline.com/doi/abs/10.1080/15551021003610547
2010,Robin DiAngelo,Özlem Sensoy,United States,37.09024,-95.712891,"37.09024,-95.712891","“OK, I Get It! Now Tell Me How to Do It!”: Why We Can’t Just Tell You How to Do Critical Multicultural Education",,,,,,1,,,,,,https://doi.org/10.1080/15210960.2010.481199
2010,Özlem Sensoy,,"Faculty of Education, Simon Fraser University",49.27988,-122.92174,"49.27988,-122.92174","“OK, I Get It! Now Tell Me How to Do It!”: Why We Can’t Just Tell You How to Do Critical Multicultural Education",,1,,,,,,,,,,
2010,N. Sinclair,,"Faculty of Education, Simon Fraser University",49.27988,-122.92174,"49.27988,-122.92174",Drawing space: mathematicians’ kinetic conceptions of eigenvectors,,1,,,,,,,,,,https://doi.org/10.1007/s10649-010-9235-8
2010,Shiva Gol Tabaghi,N. Sinclair,"Faculty of Education, Simon Fraser University",49.27988,-122.92174,"49.27988,-122.92174",Drawing space: mathematicians’ kinetic conceptions of eigenvectors,,1,,,,,,,,,,
2010,Raj Mestry,Michèle Schmidt,South Africa,-28.816624,24.991639,"-28.816624,24.991639",Portfolio Assessment as a Tool for Promoting Professional Development of School Principals: A South African Perspective,,,,,,,,,,1,,https://doi.org/10.1177/0013124509357694
2010,Michèle Schmidt,,"Faculty of Education, Simon Fraser University",49.27988,-122.92174,"49.27988,-122.92174",Portfolio Assessment as a Tool for Promoting Professional Development of School Principals: A South African Perspective,,1,,,,,,,,,,
2010,Sean Wiebe,Lynn Fels,Canada,46.256925,-63.140664,"46.256925,-63.140664",Thinking Around Tenure: Ducking Under the Finish Line,,,,,1,,,,,,,https://www.jstor.org/stable/23767054
2010,Lynn Fels,,"Faculty of Education, Simon Fraser University",49.27988,-122.92174,"49.27988,-122.92174",Thinking Around Tenure: Ducking Under the Finish Line,,1,,,,,,,,,,
2010,Suzanne Smythe,Paul Neufeld,"Faculty of Education, Simon Fraser University",49.27988,-122.92174,"49.27988,-122.92174",“Podcast Time”: Negotiating Digital Literacies and Communities of Learning in a Middle Years ELL Classroom,,1,,,,,,,,,,https://doi.org/10.1598/JAAL.53.6.5
2010,Paul Neufeld,Suzanne Smythe,"Faculty of Education, Simon Fraser University",49.27988,-122.92174,"49.27988,-122.92174",“Podcast Time”: Negotiating Digital Literacies and Communities of Learning in a Middle Years ELL Classroom,,1,,,,,,,,,,
2010,P. Winne,John C. Nesbit,"Faculty of Education, Simon Fraser University",49.27988,-122.92174,"49.27988,-122.92174",The Psychology of Academic Achievement,,1,,,,,,,,,,https://doi.org/10.1146/annurev.psych.093008.100348
2010,John C. Nesbit,P. Winne,"Faculty of Education, Simon Fraser University",49.27988,-122.92174,"49.27988,-122.92174",The Psychology of Academic Achievement,,1,,,,,,,,,,
2010,Hien Nguyen,"Allan MacKinnon, Michelle Nilson","Faculty of Education, Simon Fraser University",49.27988,-122.92174,"49.27988,-122.92174","Marketization of higher education in vietnam in the era of Neoliberal globalization: The institutional practice at Vietnam National University, Hanoi",,1,,,,,,,,,,https://doi.org/10.18848/1447-9524/CGP/v10i01/49894
2010,Michelle Nilson,Allan MacKinnon,"Faculty of Education, Simon Fraser University",49.27988,-122.92174,"49.27988,-122.92174","Marketization of higher education in vietnam in the era of Neoliberal globalization: The institutional practice at Vietnam National University, Hanoi",,1,,,,,,,,,,
2010,Allan MacKinnon,Michelle Nilson,"Faculty of Education, Simon Fraser University",49.27988,-122.92174,"49.27988,-122.92174","Marketization of higher education in vietnam in the era of Neoliberal globalization: The institutional practice at Vietnam National University, Hanoi",,1,,,,,,,,,,
2010,Elizabeth Marshall,Kelleen Toohey,"Faculty of Education, Simon Fraser University",49.27988,-122.92174,"49.27988,-122.92174","Representing Family: Community Funds of Knowledge, Bilingualism, and Multimodality ",,1,,,,,,,,,,https://doi.org/10.17763/haer.80.2.h3446j54n608q442
2010,Kelleen Toohey,Elizabeth Marshall,"Faculty of Education, Simon Fraser University",49.27988,-122.92174,"49.27988,-122.92174","Representing Family: Community Funds of Knowledge, Bilingualism, and Multimodality ",,1,,,,,,,,,,
2010,Mingming Zhou ,"J. Nesbit, P. Winne",Macau,22.175761,113.551414,"22.175761,113.551414",Chapter: Sequential Pattern Analysis of Learning Logs: Methodology and Applications,,,,,,,,,1,,,https://doi.org/10.1201/b10274
2010,Yabo Xu ,"J. Nesbit, P. Winne",Macau,22.175761,113.551414,"22.175761,113.551414",Chapter: Sequential Pattern Analysis of Learning Logs: Methodology and Applications,,,,,,,,,1,,,
2010,J. Nesbit ,P. Winne,"Faculty of Education, Simon Fraser University",49.27988,-122.92174,"49.27988,-122.92174",Chapter: Sequential Pattern Analysis of Learning Logs: Methodology and Applications,,1,,,,,,,,,,
2010,P. Winne,J. Nesbit ,"Faculty of Education, Simon Fraser University",49.27988,-122.92174,"49.27988,-122.92174",Chapter: Sequential Pattern Analysis of Learning Logs: Methodology and Applications,,1,,,,,,,,,,
2010,Heesoon Bai ,,"Faculty of Education, Simon Fraser University",49.27988,-122.92174,"49.27988,-122.92174",Re-searching and re-storying the complex and complicated relationship of biophilia and bibliophilia,,1,,,,,,,,,,https://doi.org/10.1080/13504621003613053
2010,Daniela Elza,Heesoon Bai ,"Faculty of Education, Simon Fraser University",49.27988,-122.92174,"49.27988,-122.92174",Re-searching and re-storying the complex and complicated relationship of biophilia and bibliophilia,,1,,,,,,,,,,
2010,Peter Kovacs ,Heesoon Bai ,"Faculty of Education, Simon Fraser University",49.27988,-122.92174,"49.27988,-122.92174",Re-searching and re-storying the complex and complicated relationship of biophilia and bibliophilia,,1,,,,,,,,,,
2010,Serenna Romanycia,Heesoon Bai ,"Faculty of Education, Simon Fraser University",49.27988,-122.92174,"49.27988,-122.92174",Re-searching and re-storying the complex and complicated relationship of biophilia and bibliophilia,,1,,,,,,,,,,
2010,R. Ilieva,,"Faculty of Education, Simon Fraser University",49.27988,-122.92174,"49.27988,-122.92174",Non-native English–Speaking Teachers’ Negotiations of Program Discourses in Their Construction of Professional Identities within a TESOL Program,1,,,,,,,,,,,http://dx.doi.org/10.3138/cmlr.66.3.343
2010,"Ford, Simon",E. Birmingham,BC,55.001251,-125.002441,"55.001251,-125.002441",At-a-Glance Monitoring: Covert Observations of Anesthesiologists in the Operating Room,,,,1,,,,,,,,https://journals.lww.com/anesthesia-analgesia/Fulltext/2010/09000/At_a_Glance_Monitoring__Covert_Observations_of.12.aspx
2010,E. Birmingham,,"Faculty of Education, Simon Fraser University",49.27988,-122.92174,"49.27988,-122.92174",At-a-Glance Monitoring: Covert Observations of Anesthesiologists in the Operating Room,,1,,,,,,,,,,
2010,"King, Ashlee",E. Birmingham,BC,55.001251,-125.002441,"55.001251,-125.002441",At-a-Glance Monitoring: Covert Observations of Anesthesiologists in the Operating Room,,,,1,,,,,,,,
2010,"Lim, Joanne ",E. Birmingham,BC,55.001251,-125.002441,"55.001251,-125.002441",At-a-Glance Monitoring: Covert Observations of Anesthesiologists in the Operating Room,,,,1,,,,,,,,
2010,"Ansermino, J. Mark ",E. Birmingham,UBC,49.2583937,-123.2465816,"49.2583937,-123.2465816",At-a-Glance Monitoring: Covert Observations of Anesthesiologists in the Operating Room,,,,1,,,,,,,,
2010,Ozlem Sensoy,,"Faculty of Education, Simon Fraser University",49.27988,-122.92174,"49.27988,-122.92174","Moving Beyond “Dance, Dress, and Dining” in Multicultural Canada",,1,,,,,,,,,,https://doi.org/10.18251/ijme.v12i1.248
2010,Raj Sanghera,Ozlem Sensoy,"Faculty of Education, Simon Fraser University",49.27988,-122.92174,"49.27988,-122.92174","Moving Beyond “Dance, Dress, and Dining” in Multicultural Canada",,1,,,,,,,,,,
2010,Geetu Parmar,Ozlem Sensoy,"Faculty of Education, Simon Fraser University",49.27988,-122.92174,"49.27988,-122.92174","Moving Beyond “Dance, Dress, and Dining” in Multicultural Canada",,1,,,,,,,,,,
2010,Nisha Parhar,Ozlem Sensoy,"Faculty of Education, Simon Fraser University",49.27988,-122.92174,"49.27988,-122.92174","Moving Beyond “Dance, Dress, and Dining” in Multicultural Canada",,1,,,,,,,,,,
2010,Lianne Nosyk,Ozlem Sensoy,"Faculty of Education, Simon Fraser University",49.27988,-122.92174,"49.27988,-122.92174","Moving Beyond “Dance, Dress, and Dining” in Multicultural Canada",,1,,,,,,,,,,
2010,Monica Anderson,Ozlem Sensoy,"Faculty of Education, Simon Fraser University",49.27988,-122.92174,"49.27988,-122.92174","Moving Beyond “Dance, Dress, and Dining” in Multicultural Canada",,1,,,,,,,,,,
2010,SUnited Statesn A. O'Neill,,"Faculty of Education, Simon Fraser University",49.27988,-122.92174,"49.27988,-122.92174",Chapter: Learning in and through music performance: understanding cultural diversity via inquiry and dialogue,1,,,,,,,,,,,https://oxford.universitypressscholarship.com/view/10.1093/acprof:oso/9780199214389.001.0001/acprof-9780199214389-chapter-8
2010,Blenkinsop S.,,"Faculty of Education, Simon Fraser University",49.27988,-122.92174,"49.27988,-122.92174","Chapter: Martin Buber: Dialogue, Relationship, the Other, and the More-Than-Human World",1,,,,,,,,,,,https://www.taylorfrancis.com/books/edit/10.4324/9780203838983/sourcebook-experiential-education-thomas-smith-clifford-knapp
2015,Claudia Eppert,Heesoon Bai,Alberta,52.28333,-117.469,"52.28333, -117.469",Intercultural Philosophy and the Nondual Wisdom of ‘Basic Goodness’: Implications for Contemplative and Transformative Education,,,,,,,,,,,,
2015,Daniel Vokey,Heesoon Bai,UBC,49.2583937,-123.2465816,"49.2583937,-123.2465816",Intercultural Philosophy and the Nondual Wisdom of ‘Basic Goodness’: Implications for Contemplative and Transformative Education,,,,,,,,,,,,
2015,Tram Truong Anh Nguyen,Heesoon Bai,Alberta,52.28333,-117.469,"52.28333, -117.469",Intercultural Philosophy and the Nondual Wisdom of ‘Basic Goodness’: Implications for Contemplative and Transformative Education,,,,,,,,,,,,
2015,Heesoon Bai,,"Faculty of Education, Simon Fraser University",49.27988,-122.92174,"49.27988,-122.92174",Implicit Social Biases in People With Autism,,,,,,,,,,,,
2015,Elina Birmingham,,"Faculty of Education, Simon Fraser University",49.27988,-122.92174,"49.27988,-122.92174",Implicit Social Biases in People With Autism,,,,,,,,,,,,
2015,Damian Stanley,Elina Birmingham,United States,37.09024,-95.712891,"37.09024,-95.712891",Implicit Social Biases in People With Autism,,,,,,,,,,,,
2015,Remya Nair,Elina Birmingham,United States,37.09024,-95.712891,"37.09024,-95.712891",Implicit Social Biases in People With Autism,,,,,,,,,,,,
2015,Ralph Adolphs,Elina Birmingham,United States,37.09024,-95.712891,"37.09024,-95.712891",Implicit Social Biases in People With Autism,,,,,,,,,,,,
2015,Michael W. Derby,Sean Blenkinsop,"Faculty of Education, Simon Fraser University",49.27988,-122.92174,"49.27988,-122.92174",Refusing to settle for pigeons and parks: urban environmental education in the age of neoliberalism,,,,,,,,,,,,
2015,Laura Piersol ,Sean Blenkinsop,"Faculty of Education, Simon Fraser University",49.27988,-122.92174,"49.27988,-122.92174",Refusing to settle for pigeons and parks: urban environmental education in the age of neoliberalism,,,,,,,,,,,,
2015,S. Blenkinsop,,"Faculty of Education, Simon Fraser University",49.27988,-122.92174,"49.27988,-122.92174",Refusing to settle for pigeons and parks: urban environmental education in the age of neoliberalism,,,,,,,,,,,,
2015,R. Barrow ,,"Faculty of Education, Simon Fraser University",49.27988,-122.92174,"49.27988,-122.92174",Competence and the head,,,,,,,,,,,,
2015,Shawn Michael Bullock,,"Faculty of Education, Simon Fraser University",49.27988,-122.92174,"49.27988,-122.92174",Digital Technologies and Diverse Learning in Teacher Education: Reassembling the Social Perspective,,,,,,,,,,,,
2015,William C. Hunter,Robert L. Williamson,United States,37.09024,-95.712891,"37.09024,-95.712891",Numbered heads together as a tier 1 instructional strategy in multitiered systems of support,,,,,,,,,,,,
2015,Lawrence Maheady,Robert L. Williamson,United States,37.09024,-95.712891,"37.09024,-95.712891",Numbered heads together as a tier 1 instructional strategy in multitiered systems of support,,,,,,,,,,,,
2015,Andrea D. Jasper,Robert L. Williamson,United States,37.09024,-95.712891,"37.09024,-95.712891",Numbered heads together as a tier 1 instructional strategy in multitiered systems of support,,,,,,,,,,,,
2015,Robert L. Williamson,,"Faculty of Education, Simon Fraser University",49.27988,-122.92174,"49.27988,-122.92174",Numbered heads together as a tier 1 instructional strategy in multitiered systems of support,,,,,,,,,,,,
2015,Renee C. Murley,Robert L. Williamson,United States,37.09024,-95.712891,"37.09024,-95.712891",Numbered heads together as a tier 1 instructional strategy in multitiered systems of support,,,,,,,,,,,,
2015,Elizabeth Stratton,Robert L. Williamson,United States,37.09024,-95.712891,"37.09024,-95.712891",Numbered heads together as a tier 1 instructional strategy in multitiered systems of support,,,,,,,,,,,,
2015,Wanda Cassidy,,"Faculty of Education, Simon Fraser University",49.27988,-122.92174,"49.27988,-122.92174",Gender Differences and Cyberbullying Towards Faculty Members in Higher Education,,,,,,,,,,,,
2015,Margaret Jackson,Wanda Cassidy,"School of Criminology, Simon Fraser University",49.27988,-122.92174,"49.27988,-122.92174",Gender Differences and Cyberbullying Towards Faculty Members in Higher Education,,,,,,,,,,,,
2015,Chantal Faucher,Wanda Cassidy,"Faculty of Education, Simon Fraser University",49.27988,-122.92174,"49.27988,-122.92174",Gender Differences and Cyberbullying Towards Faculty Members in Higher Education,,,,,,,,,,,,
2015,Ann Chinnery,,"Faculty of Education, Simon Fraser University",49.27988,-122.92174,"49.27988,-122.92174",On Moral Luck and Nonideal Moral Education,,,,,,,,,,,,
2015,Rebecca D. Cox,,"Faculty of Education, Simon Fraser University",49.27988,-122.92174,"49.27988,-122.92174",“You’ve Got to Learn the Rules”: A Classroom-Level Look at Low Pass Rates in Developmental Math,,,,,,,,,,,,
2015,Kelleen Toohey,Diane Dagenais,"Faculty of Education, Simon Fraser University",49.27988,-122.92174,"49.27988,-122.92174","“That Sounds So Cooool”: Entanglements of Children, Digital Tools, and Literacy Practices",,,,,,,,,,,,
2015,Diane Dagenais,Kelleen Toohey,"Faculty of Education, Simon Fraser University",49.27988,-122.92174,"49.27988,-122.92174","“That Sounds So Cooool”: Entanglements of Children, Digital Tools, and Literacy Practices",,,,,,,,,,,,
2015,Andreea Fodor,"Kelleen Toohey, Diane Dagenais","Faculty of Education, Simon Fraser University",49.27988,-122.92174,"49.27988,-122.92174","“That Sounds So Cooool”: Entanglements of Children, Digital Tools, and Literacy Practices",,,,,,,,,,,,
2015,Linda Hof,"Kelleen Toohey, Diane Dagenais","Faculty of Education, Simon Fraser University",49.27988,-122.92174,"49.27988,-122.92174","“That Sounds So Cooool”: Entanglements of Children, Digital Tools, and Literacy Practices",,,,,,,,,,,,
2015,Omar Nuñez,"Kelleen Toohey, Diane Dagenais","Faculty of Education, Simon Fraser University",49.27988,-122.92174,"49.27988,-122.92174","“That Sounds So Cooool”: Entanglements of Children, Digital Tools, and Literacy Practices",,,,,,,,,,,,
2015,Angelpreet Singh,"Kelleen Toohey, Diane Dagenais","Faculty of Education, Simon Fraser University",49.27988,-122.92174,"49.27988,-122.92174","“That Sounds So Cooool”: Entanglements of Children, Digital Tools, and Literacy Practices",,,,,,,,,,,,
2015,Liz Schulze,"Kelleen Toohey, Diane Dagenais","Faculty of Education, Simon Fraser University",49.27988,-122.92174,"49.27988,-122.92174","“That Sounds So Cooool”: Entanglements of Children, Digital Tools, and Literacy Practices",,,,,,,,,,,,
2015,"LeBlanc, Natalie","Davidson, Sara Florence",UBC,49.2583937,-123.2465816,"49.2583937,-123.2465816","Becoming through a/r/tography, autobiography and stories in motion",,,,,,,,,,,,
2015,"Davidson, Sara Florence",,"Faculty of Education, Simon Fraser University",49.27988,-122.92174,"49.27988,-122.92174","Becoming through a/r/tography, autobiography and stories in motion",,,,,,,,,,,,
2015,"Ryu, Jee Yeon","Davidson, Sara Florence",UBC,49.2583937,-123.2465816,"49.2583937,-123.2465816","Becoming through a/r/tography, autobiography and stories in motion",,,,,,,,,,,,
2015,"Irwin, Rita L","Davidson, Sara Florence",UBC,49.2583937,-123.2465816,"49.2583937,-123.2465816","Becoming through a/r/tography, autobiography and stories in motion",,,,,,,,,,,,
2015,Tristan Khaner,Lynn Fels,Québec,52.476089,-71.825867,"52.476089,-71.825867",Book chapter: Chapter Authors Holding Up the Mirror to their Experiences of Writing,,,,,,,,,,,,
2015,Warren Linds,Lynn Fels,Québec,52.476089,-71.825867,"52.476089,-71.825867",Book chapter: Chapter Authors Holding Up the Mirror to their Experiences of Writing,,,,,,,,,,,,
2015,Lynn Fels,,"Faculty of Education, Simon Fraser University",49.27988,-122.92174,"49.27988,-122.92174",Book chapter: Chapter Authors Holding Up the Mirror to their Experiences of Writing,,,,,,,,,,,,
2015,Rikke Gürgens Gjærum,Lynn Fels,Norway,59.9133301,10.7389701,"59.9133301, 10.7389701",Book chapter: Chapter Authors Holding Up the Mirror to their Experiences of Writing,,,,,,,,,,,,
2015,Gro Hilde Ramsdal,Lynn Fels,Norway,59.9133301,10.7389701,"59.9133301, 10.7389702",Book chapter: Chapter Authors Holding Up the Mirror to their Experiences of Writing,,,,,,,,,,,,
2015,Mark Fettes,,"Faculty of Education, Simon Fraser University",49.27988,-122.92174,"49.27988,-122.92174",Language in the United Nations post-2015 development agenda: Challenges to language policy and planning,,,,,,,,,,,,
2015,Roger Frie,,"Faculty of Education, Simon Fraser University",49.27988,-122.92174,"49.27988,-122.92174",Book chapter: Contemporary Psychoanalysis: The Post-Cartesian Turn in Theory and Practice,,,,,,,,,,,,
2015,Roger Frie,,"Faculty of Education, Simon Fraser University",49.27988,-122.92174,"49.27988,-122.92174",Post-Cartesian Psychoanalysis and the Sociocultural Turn: From Cultural Contexts to Hermeneutic Understanding,,,,,,,,,,,,
2015,Natalia Gajdamaschko,,"Faculty of Education, Simon Fraser University",49.27988,-122.92174,"49.27988,-122.92174",Vygotsky’s Sociocultural Theory,,,,,,,,,,,,
2015,Joseph L. Polman,Engida H. Gebre,United States,37.09024,-95.712891,"37.09024,-95.712891",Towards critical appraisal of infographics as scientific inscriptions,,,,,,,,,,,,
2015,Engida H. Gebre,,"Faculty of Education, Simon Fraser University",49.27988,-122.92174,"49.27988,-122.92174",Towards critical appraisal of infographics as scientific inscriptions,,,,,,,,,,,,
2015,Engida H. Gebre,,"Faculty of Education, Simon Fraser University",49.27988,-122.92174,"49.27988,-122.92174",Young Adults' Use of Semiotics in Science News Infographics,,,,,,,,,,,,
2015,Joel Heng Hartse,,"Faculty of Education, Simon Fraser University",49.27988,-122.92174,"49.27988,-122.92174",Walking the Line: The Legacy of Martin Wolff on EFL in China,,,,,,,,,,,,
2015,Monica Frank,Roumiana Ilieva,Burnaby Vancouver BC,49.2433804,-122.9725459,"49.2433804, -122.9725459",Betwixt and between Language and IETs repositioning in British Columbia,,,,,,,,,,,,
2015,Roumiana Ilieva,,"Faculty of Education, Simon Fraser University",49.27988,-122.92174,"49.27988,-122.92174",Betwixt and between Language and IETs repositioning in British Columbia,,,,,,,,,,,,
2015,Lannie Kanevsky,,"Faculty of Education, Simon Fraser University",49.27988,-122.92174,"49.27988,-122.92175",Do high ability learners enjoy learning alone or in groups? It depends…,,,,,,,,,,,,
2015,Farnaz Badiee,David Kaufman,"Faculty of Education, Simon Fraser University",49.27988,-122.92174,"49.27988,-122.92174",Design Evaluation of a Simulation for Teacher Education,,,,,,,,,,,,
2015,David Kaufman,,"Faculty of Education, Simon Fraser University",49.27988,-122.92174,"49.27988,-122.92174",Design Evaluation of a Simulation for Teacher Education,,,,,,,,,,,,
2015,Fan Zhang,David Kaufman,"Faculty of Education, Simon Fraser University",49.27988,-122.92174,"49.27988,-122.92174",The impacts of social interactions in MMORPGs on older adults’ social capital,,,,,,,,,,,,
2015,David Kaufman,,"Faculty of Education, Simon Fraser University",49.27988,-122.92174,"49.27988,-122.92174",The impacts of social interactions in MMORPGs on older adults’ social capital,,,,,,,,,,,,
2015,"Schell, R.","Kaufman, D.","Faculty of Education, Simon Fraser University",49.27988,-122.92174,"49.27988,-122.92174",Barriers and Adaptations of a Digital Game for Older Adults,,,,,,,,,,,,
2015,"Hausknecht, S. ","Kaufman, D.","Faculty of Education, Simon Fraser University",49.27988,-122.92174,"49.27988,-122.92174",Barriers and Adaptations of a Digital Game for Older Adults,,,,,,,,,,,,
2015,"Kaufman, D.",,"Faculty of Education, Simon Fraser University",49.27988,-122.92174,"49.27988,-122.92174",Barriers and Adaptations of a Digital Game for Older Adults,,,,,,,,,,,,
2015,"Hausknecht, S.","Kaufman, D.","Faculty of Education, Simon Fraser University",49.27988,-122.92174,"49.27988,-122.92174",Building Seniors' Social Connections and Reducing Loneliness Through a Digital Game,,,,,,,,,,,,
2015,"Schell, R.","Kaufman, D.","Faculty of Education, Simon Fraser University",49.27988,-122.92174,"49.27988,-122.92174",Building Seniors' Social Connections and Reducing Loneliness Through a Digital Game,,,,,,,,,,,,
2015,"Zhang, F. ","Kaufman, D.","Faculty of Education, Simon Fraser University",49.27988,-122.92174,"49.27988,-122.92174",Building Seniors' Social Connections and Reducing Loneliness Through a Digital Game,,,,,,,,,,,,
2015,"Kaufman, D.",,"Faculty of Education, Simon Fraser University",49.27988,-122.92174,"49.27988,-122.92174",Building Seniors' Social Connections and Reducing Loneliness Through a Digital Game,,,,,,,,,,,,
2015,"Kaufman, D.",,"Faculty of Education, Simon Fraser University",49.27988,-122.92174,"49.27988,-122.92174",Can Playing Massive Multiplayer Online Role Playing Games (MMORPGs) Help Older Adults?,,,,,,,,,,,,
2015,Fan Zhang,"Kaufman, D.","Faculty of Education, Simon Fraser University",49.27988,-122.92174,"49.27988,-122.92174",Can Playing Massive Multiplayer Online Role Playing Games (MMORPGs) Help Older Adults?,,,,,,,,,,,,
2015,Ojat Darojat,"Kaufman, D.",Indonesia,,,,Perspectives on quality and quality assurance in learner support areas at three Southeast Asian open universities,,,,,,,,,,,,
2015,Michelle Nilson,"Kaufman, D.","Faculty of Education, Simon Fraser University",49.27988,-122.92174,"49.27988,-122.92174",Perspectives on quality and quality assurance in learner support areas at three Southeast Asian open universities,,,,,,,,,,,,
2015,"Kaufman, D.",,"Faculty of Education, Simon Fraser University",49.27988,-122.92174,"49.27988,-122.92174",Perspectives on quality and quality assurance in learner support areas at three Southeast Asian open universities,,,,,,,,,,,,
2015,Simone Hausknecht,"Kaufman, D.","Faculty of Education, Simon Fraser University",49.27988,-122.92174,"49.27988,-122.92174",Older Adults Digital Gameplay: A Follow-up Study of Social Benefits,,,,,,,,,,,,
2015,Robyn Schell,"Kaufman, D.","Faculty of Education, Simon Fraser University",49.27988,-122.92174,"49.27988,-122.92174",Older Adults Digital Gameplay: A Follow-up Study of Social Benefits,,,,,,,,,,,,
2015,Fan Zhang,"Kaufman, D.","Faculty of Education, Simon Fraser University",49.27988,-122.92174,"49.27988,-122.92174",Older Adults Digital Gameplay: A Follow-up Study of Social Benefits,,,,,,,,,,,,
2015,"Kaufman, D.",,"Faculty of Education, Simon Fraser University",49.27988,-122.92174,"49.27988,-122.92174",Older Adults Digital Gameplay: A Follow-up Study of Social Benefits,,,,,,,,,,,,
2015,Fan Zhang,,"Faculty of Education, Simon Fraser University",49.27988,-122.92174,"49.27988,-122.92174",Physical and Cognitive Impacts of Digital Games on Older Adults: A Meta-Analytic Review,,,,,,,,,,,,
2015,"Kaufman, D.",,"Faculty of Education, Simon Fraser University",49.27988,-122.92174,"49.27988,-122.92174",Physical and Cognitive Impacts of Digital Games on Older Adults: A Meta-Analytic Review,,,,,,,,,,,,
2015,Ena Lee,,"Faculty of Education, Simon Fraser University",49.27988,-122.92174,"49.27988,-122.92174","Doing culture, doing race: everyday discourses of ‘culture’ and ‘cultural difference’ in the English as a second language classroom",,,,,,,,,,,,
2015,Liljedahl P.,,"Faculty of Education, Simon Fraser University",49.27988,-122.92174,"49.27988,-122.92174",Numeracy task design: a case of changing mathematics teaching practice,,,,,,,,,,,,
2015,Angel M. Y. Lin,,"Faculty of Education, Simon Fraser University",49.27988,-122.92174,"49.27988,-122.92174",Building Inclusive Education from the Ground Up: The Transformative Experience of HKRSS Tai Po Secondary School (Hong Kong 2006–2013),,,,,,,,,,,,
2015,Franky K. C. Poon,Angel M. Y. Lin,Hong Kong,22.279328,114.162813,"22.279328,114.162813",Building Inclusive Education from the Ground Up: The Transformative Experience of HKRSS Tai Po Secondary School (Hong Kong 2006–2013),,,,,,,,,,,,
2015,Angel M. Y. Lin,,"Faculty of Education, Simon Fraser University",49.27988,-122.92174,"49.27988,-122.92174",Book Chapter: Bi/multilingual literacies in literacy studies,,,,,,,,,,,,
2015,David C. S. Li,Angel M. Y. Lin,Hong Kong,22.279328,114.162813,"22.279328,114.162813",Book Chapter: Bi/multilingual literacies in literacy studies,,,,,,,,,,,,
2015,Made Yudhi Setiani ,Allan M. MacKinnon,Indonesia,-2.483383,117.890285,,"A community of inquiry-based framework for civic education at Universitas Terbuka, Indonesia",,,,,,,,,,,,
2015,Allan M. MacKinnon,,"Faculty of Education, Simon Fraser University",49.27988,-122.92174,"49.27988,-122.92174","A community of inquiry-based framework for civic education at Universitas Terbuka, Indonesia",,,,,,,,,,,,
2015,Kris Magnusson,,"Faculty of Education, Simon Fraser University",49.27988,-122.92174,"49.27988,-122.92174",New Technologies and Leadership Challenges for Teacher Education,,,,,,,,,,,,
2015,Margaret MacDonald,Danièle Moore,"Faculty of Education, Simon Fraser University",49.27988,-122.92174,"49.27988,-122.92174",Book chapter: Halq'eméylem Language Revitalization,,,,,,,,,,,,
2015,Danièle Moore,Margaret MacDonald,"Faculty of Education, Simon Fraser University",49.27988,-122.92174,"49.27988,-122.92174",Book chapter: Halq'eméylem Language Revitalization,,,,,,,,,,,,
2015,Lydia Odilinye,"J. Nesbit, P. Winne","Computer Science, Simon Fraser University",49.27988,-122.92174,"49.27988,-122.92174",Aligning automatically generated questions to instructor goals and learner behaviour,,,,,,,,,,,,
2015,Fred Popowich,"J. Nesbit, P. Winne","Computer Science, Simon Fraser University",49.27988,-122.92174,"49.27988,-122.92174",Aligning automatically generated questions to instructor goals and learner behaviour,,,,,,,,,,,,
2015,Evan Zhang,"J. Nesbit, P. Winne","Computer Science, Simon Fraser University",49.27988,-122.92174,"49.27988,-122.92174",Aligning automatically generated questions to instructor goals and learner behaviour,,,,,,,,,,,,
2015,John Nesbit,P. Winne,"Faculty of Education, Simon Fraser University",49.27988,-122.92174,"49.27988,-122.92174",Aligning automatically generated questions to instructor goals and learner behaviour,,,,,,,,,,,,
2015,Philip H. Winne,J. Nesbit,"Faculty of Education, Simon Fraser University",49.27988,-122.92174,"49.27988,-122.92174",Aligning automatically generated questions to instructor goals and learner behaviour,,,,,,,,,,,,
2015,Olusola O. Adesope,J. Nesbit,United States,37.09024,-95.712891,"37.09024,-95.712891",Achievement Goal Orientations and Self-Reported Study Strategies as Predictors of Online Studying Activities,,,,,,,,,,,,
2015,Mingming Zhou,J. Nesbit,China,35.000074,104.999927,"35.000074,104.999927",Achievement Goal Orientations and Self-Reported Study Strategies as Predictors of Online Studying Activities,,,,,,,,,,,,
2015,J. Nesbit,,"Faculty of Education, Simon Fraser University",49.27988,-122.92174,"49.27988,-122.92174",Achievement Goal Orientations and Self-Reported Study Strategies as Predictors of Online Studying Activities,,,,,,,,,,,,
2015,Ojat Darojat,"M. Nilson, D. Kaufman",Indonesia,-2.483383,117.890285,,Perspectives on quality and quality assurance in learner support areas at three Southeast Asian open universities,,,,,,,,,,,,
2015,M. Nilson,D. Kaufman,"Faculty of Education, Simon Fraser University",49.27988,-122.92174,"49.27988,-122.92174",Perspectives on quality and quality assurance in learner support areas at three Southeast Asian open universities,,,,,,,,,,,,
2015,D. Kaufman,M. Nilson,"Faculty of Education, Simon Fraser University",49.27988,-122.92174,"49.27988,-122.92174",Perspectives on quality and quality assurance in learner support areas at three Southeast Asian open universities,,,,,,,,,,,,
2015,S. O'Neill,Y. Senyshyn,"Faculty of Education, Simon Fraser University",49.27988,-122.92174,"49.27988,-122.92174",How Learning Theories Shape Our Understanding of Music Learners,,,,,,,,,,,,
2015,Y. Senyshyn,S. O'Neill,"Faculty of Education, Simon Fraser University",49.27988,-122.92174,"49.27988,-122.92174",How Learning Theories Shape Our Understanding of Music Learners,,,,,,,,,,,,
2015,N. Sinclair,,"Faculty of Education, Simon Fraser University",49.27988,-122.92174,"49.27988,-122.92174",Digital technologies in the early primary school classroom,,,,,,,,,,,,
2015,Anna Baccaglini-Frank,N. Sinclair,Italy,42.638426,12.674297,"42.638426,12.674297",Digital technologies in the early primary school classroom,,,,,,,,,,,,
2015,N. Sinclair,,"Faculty of Education, Simon Fraser University",49.27988,-122.92174,"49.27988,-122.92174","Whatever Be Their Number: Counting on the Visible, the Audible, and the Tangible",,,,,,,,,,,,
2015,David Pimm,N. Sinclair,"Faculty of Education, Simon Fraser University",49.27988,-122.92174,"49.27988,-122.92174","Whatever Be Their Number: Counting on the Visible, the Audible, and the Tangible",,,,,,,,,,,,
2015,Oi-Lam Ng,N. Sinclair,"Faculty of Education, Simon Fraser University",49.27988,-122.92174,"49.27988,-122.92174",Young children reasoning about symmetry in a dynamic geometry environment.,,,,,,,,,,,,
2015,N. Sinclair,,"Faculty of Education, Simon Fraser University",49.27988,-122.92174,"49.27988,-122.92174",Young children reasoning about symmetry in a dynamic geometry environment.,,,,,,,,,,,,
2015,N. Sinclair,,"Faculty of Education, Simon Fraser University",49.27988,-122.92174,"49.27988,-122.92174",New opportunities in geometry education at the primary school,,,,,,,,,,,,
2015,Catherine D. Bruce,N. Sinclair,Ontario,50.000678,-86.000977,"50.000678,-86.000977",New opportunities in geometry education at the primary school,,,,,,,,,,,,
2015,Elizabeth de Freitas,N. Sinclair,UK,51.507351,-0.127758,"51.507351,-0.127758",The cognitive labour of mathematics dis/ability: Neurocognitive approaches to number sense,,,,,,,,,,,,
2015,N. Sinclair,,"Faculty of Education, Simon Fraser University",49.27988,-122.92174,"49.27988,-122.92174",The cognitive labour of mathematics dis/ability: Neurocognitive approaches to number sense,,,,,,,,,,,,
2015,Oi-Lam Ng,N. Sinclair,"Faculty of Education, Simon Fraser University",49.27988,-122.92174,"49.27988,-122.92174",“Area Without Numbers”: Using Touchscreen Dynamic Geometry to Reason About Shape,,,,,,,,,,,,
2015,N. Sinclair,,"Faculty of Education, Simon Fraser University",49.27988,-122.92174,"49.27988,-122.92174",“Area Without Numbers”: Using Touchscreen Dynamic Geometry to Reason About Shape,,,,,,,,,,,,
2015,N. Sinclair,,"Faculty of Education, Simon Fraser University",49.27988,-122.92174,"49.27988,-122.92175",What kind of thing might number become?,,,,,,,,,,,,
2015,George Ekol,N. Sinclair,"Faculty of Education, Simon Fraser University",49.27988,-122.92174,"49.27988,-122.92174",Undergraduate Students’ Conceptions of Variability in a Dynamic Computer-Based Environment,,,,,,,,,,,,
2015,N. Sinclair,,"Faculty of Education, Simon Fraser University",49.27988,-122.92174,"49.27988,-122.92174",Undergraduate Students’ Conceptions of Variability in a Dynamic Computer-Based Environment,,,,,,,,,,,,
2015,J. Sugarman,,"Faculty of Education, Simon Fraser University",49.27988,-122.92174,"49.27988,-122.92174",Neoliberalism and psychological ethics,,,,,,,,,,,,
2015,J. Sugarman,,"Faculty of Education, Simon Fraser University",49.27988,-122.92174,"49.27988,-122.92174",Book chapter: Historical Ontology,,,,,,,,,,,,
2015,Jack Martin,Jeff Sugarman,"Psychology, Simon Fraser University",49.27988,-122.92174,"49.27988,-122.92174","Co-editing: The Wiley Handbook of Theoretical and Philosophical Psychology: Methods, Approaches, and New Directions for Social Sciences",,,,,,,,,,,,
2015,J. Sugarman,,"Faculty of Education, Simon Fraser University",49.27988,-122.92174,"49.27988,-122.92174","Co-editing: The Wiley Handbook of Theoretical and Philosophical Psychology: Methods, Approaches, and New Directions for Social Sciences",,,,,,,,,,,,
2015,Kathleen L. Slaney,J. Sugarman,"Psychology, Simon Fraser University",49.27988,-122.92174,"49.27988,-122.92174","Co-editing: The Wiley Handbook of Theoretical and Philosophical Psychology: Methods, Approaches, and New Directions for Social Sciences",,,,,,,,,,,,
2015,J. Sugarman,,"Faculty of Education, Simon Fraser University",49.27988,-122.92174,"49.27988,-122.92174","Sex, drugs, and rock and roll: Comment on Mark Freeman’s “Beholding and Being Beheld”.",,,,,,,,,,,,
2015,P. Winne,,"Faculty of Education, Simon Fraser University",49.27988,-122.92174,"49.27988,-122.92174","What is the state of the art in self-, co- and socially shared regulation in CSCL?",,,,,,,,,,,,
2015,P. Winne,,"Faculty of Education, Simon Fraser University",49.27988,-122.92174,"49.27988,-122.92174",Self-Regulated Learning,,,,,,,,,,,,
2015,J. Tondeur,D. Zandvliet,Belgium,50.6402809,4.6667145,"50.6402809, 4.6667145",The physical placement of classroom technology and its influences on educational practices,,,,,,,,,,,,
2015,E. De Bruyne,D. Zandvliet,Belgium,50.6402809,4.6667145,"50.6402809, 4.6667146",The physical placement of classroom technology and its influences on educational practices,,,,,,,,,,,,
2015,M. Van Den Driessche,D. Zandvliet,Belgium,50.6402809,4.6667145,"50.6402809, 4.6667147",The physical placement of classroom technology and its influences on educational practices,,,,,,,,,,,,
2015,S. McKenney,D. Zandvliet,Netherlands,52.2434979,5.6343227,"52.2434979, 5.6343227",The physical placement of classroom technology and its influences on educational practices,,,,,,,,,,,,
2015,D. Zandvliet,,"Faculty of Education, Simon Fraser University",49.27988,-122.92174,"49.27988,-122.92174",The physical placement of classroom technology and its influences on educational practices,,,,,,,,,,,,
2015,"Jayakody, Gaya",R. Zazkis,"Faculty of Education, Simon Fraser University",49.27988,-122.92174,"49.27988,-122.92174",Continuous Problem of Function Continuity,,,,,,,,,,,,
2015,R. Zazkis,,"Faculty of Education, Simon Fraser University",49.27988,-122.92174,"49.27988,-122.92174",Continuous Problem of Function Continuity,,,,,,,,,,,,
2015,Dov Zazkis,R. Zazkis,United States,37.09024,-95.712891,"37.09024,-95.712891",Prospective Teachers’ Conceptions of Proof Comprehension: Revisiting a Proof of the Pythagorean Theorem,,,,,,,,,,,,
2015,R. Zazkis,,"Faculty of Education, Simon Fraser University",49.27988,-122.92174,"49.27988,-122.92174",Prospective Teachers’ Conceptions of Proof Comprehension: Revisiting a Proof of the Pythagorean Theorem,,,,,,,,,,,,
